,A,B,C
2015-12-01,0.12708984232942777,0.27580820488762914,0.6594640991597094
2015-12-02,0.5473438268992553,1.2544327603773477,1.8793848941108793
2015-12-03,0.362823898759706,0.020808252793374928,2.2133784338709126
2015-12-04,0.0024214532153275983,0.01307565465093206,0.49232382737734515
2015-12-05,0.05838485603512527,0.3232917822670421,2.0151840173110713
2015-12-06,0.14157417001622827,0.031038596145362023,0.45685607328468353
2015-12-07,0.20849359046332214,0.43060067531072044,0.6095927316488988
2015-12-08,0.7046482131498555,0.006310337483639193,0.0549695311412341
2015-12-09,0.1163985122864957,0.6032566225146266,3.503866812789543
2015-12-10,3.4108840489332186,0.8921729741553097,0.8470320960734936
2015-12-11,0.03184493770205047,0.5924904309849464,1.8344347343514085
2015-12-12,0.2688275588859901,1.0678753266642538,7.830991202278792
2015-12-13,0.316455409645558,0.7725466805408239,2.5387088393671386
2015-12-14,0.5140930827887155,0.010487913099272094,0.4641361981195511
2015-12-15,1.3153786092324653,1.3600199226374015,4.618828323356675
2015-12-16,3.383254359628218,0.03662360230627637,6.129248662525343
2015-12-17,2.09862749424851,0.12106791195201284,0.1909713384021558
2015-12-18,0.6671758342495733,0.7518640256130418,1.0207265274260424
2015-12-19,0.032005443452704285,0.27430334695262215,0.1441847924045322
2015-12-20,0.0015998692768645906,0.12192581876503818,0.11055696314626444
2015-12-21,0.33874685173470936,2.0075778741045087,0.7423867776103455
2015-12-22,1.7124638476926648,0.5433556105902648,2.086602986734991
2015-12-23,1.702714942501391,7.23103180165213,0.8487204483634014
2015-12-24,0.11206959804667499,0.00542929502323191,0.0010944832716541862
2015-12-25,2.7866418155922825,0.18509978868118657,0.49470402705211725
2015-12-26,0.38181478680825615,0.42765120730131706,0.30596948797924156
2015-12-27,1.2678113701981761,4.3016100408684564e-05,0.00540723458621756
2015-12-28,0.2237920988269902,1.5545927163005142,1.277017291918818
2015-12-29,0.3504751557157619,0.1555498596629874,0.6915128498377765
2015-12-30,0.10386581766968342,1.3148263103796711,2.9062425916395744
2015-12-31,2.76813385098263,2.9191941171585487,1.565923099352526
2016-01-01,2.485022271773443,0.009668068878514091,0.6965291907194641
2016-01-02,1.1023352325491116,0.039113231955335656,0.7404308429000618
2016-01-03,0.06831945137972943,0.002236541126541243,0.012905924345004382
2016-01-04,0.0024482819001323394,0.9163562406816248,4.3288596392989485
2016-01-05,0.12825419894703322,0.4297504621928415,0.30801853072955426
2016-01-06,0.28248459764935957,0.05101923247996437,0.014417257247243262
2016-01-07,0.010686523291837304,0.8764841385671047,0.44840051289002997
2016-01-08,0.5107896550792511,1.049494305465597,0.09089255088293452
2016-01-09,0.7129983073539097,3.1725017259363977,0.6215690783473252
2016-01-10,0.15638674531550065,0.19548245752140495,0.84189230812469
2016-01-11,0.03691560365837092,0.32786987883170754,0.024574438196360602
2016-01-12,1.434372329262675,0.7201925075397194,5.28967242733535
2016-01-13,0.0034313572727570963,0.0001894644434647644,0.5960247780450442
2016-01-14,0.9102277856404573,1.5704934704403306,4.233530904208955
2016-01-15,0.11843528292351964,0.4537360417950645,0.43137949001126497
2016-01-16,0.018861977691573578,1.8316070856426017,5.022167690710073
2016-01-17,0.32220824713964047,5.295636727374889,0.005801149973473439
2016-01-18,0.614611139946576,0.9667100243061343,4.9211204713939845
2016-01-19,0.16783162800654514,0.011569050219509526,0.9132203380908203
2016-01-20,0.26068609860930664,0.5923908221402256,2.8694967264567715
2016-01-21,0.5164448463044924,0.30817236510362606,0.27597033006747473
2016-01-22,0.4112323598416273,1.1404616123157458,0.023180791673140317
2016-01-23,0.6526608344151327,0.0020900893531828777,0.3532892171568618
2016-01-24,0.18301862572770955,0.08306514045987647,0.16287563338276692
2016-01-25,0.23509322952810544,0.03503129259082504,0.0001611836618805978
2016-01-26,2.005446023385657,0.0007863996365532328,0.4028712293713664
2016-01-27,0.0671946345236193,0.37310859953283954,2.3348138939304377
2016-01-28,0.003968324945497109,0.04134147775627827,0.19219585952493623
2016-01-29,0.015321612259529537,0.0167931698104445,0.9456113467036238
2016-01-30,0.8800317504216465,0.09006930521520776,0.028394686150029935
2016-01-31,0.8476204834135227,5.7646512179727285,0.4936414099467519
2016-02-01,1.702821089712632,0.2210513409343082,2.187638661613568
2016-02-02,0.6052041371686598,1.2101134970366294,1.9536649884977972
2016-02-03,1.4720846685272153,0.15327224389925692,1.5142663085782149
2016-02-04,1.0085576093466977,0.14390116144968404,3.391656389939482
2016-02-05,0.4866992412919095,0.264812719921107,0.35127616202857925
2016-02-06,0.0017034336254101194,0.19923480436663235,0.918503856334258
2016-02-07,0.4194860146879525,0.6049135570094758,2.1165390306963627
2016-02-08,0.07668125286764799,0.10241085253142211,4.412305328962487
2016-02-09,0.8683966905995093,0.01854965837566042,1.0710314862775325
2016-02-10,0.25540763797166016,3.5287064674393975,0.06040198561253837
2016-02-11,1.3936634253073408,0.2934672640429054,4.5657618619034945
2016-02-12,0.17189555691636382,2.219698710093877,0.20120715923792448
2016-02-13,2.340094687936511,1.2240124896603297,0.045408192924124326
2016-02-14,1.6050399867573908,1.7664875954943333,0.002100521160918654
2016-02-15,6.7204701767638495,0.000882888711376117,0.003589200435755222
2016-02-16,0.6991285864419154,0.05145885898625462,0.9321355110111014
2016-02-17,0.2686146205379413,1.063173130603939,0.6761559124107965
2016-02-18,0.4737246034649335,0.3121175961067212,0.29578426358032867
2016-02-19,1.4870185695504556,0.4315309938781662,0.49251405025402567
2016-02-20,0.42085931854213626,4.437992808964159,3.1198466212685227
2016-02-21,5.938677000465023e-07,0.41768651717051924,0.206138796909263
2016-02-22,0.24582157029097962,0.7446109098107272,0.6420578553038059
2016-02-23,0.4902739070998479,0.0010893941538570573,0.5953178507822805
2016-02-24,0.8646497900243315,0.0013461501205814606,0.7954540403083952
2016-02-25,0.012839779994702887,0.1328442190646918,0.1756250634475159
2016-02-26,0.12251721180934692,0.7094389576280531,1.886885946566366
2016-02-27,0.55743491057231,1.3738457288215782,0.07404443572954168
2016-02-28,0.036652926862465685,0.4007125631587858,3.1675729319986465
2016-02-29,0.4063479494146816,0.09044411572867098,0.27641249988444816
2016-03-01,1.0618508088766803,0.24631083068662127,0.2016687032663469
2016-03-02,0.7788619261527479,0.711550445937167,0.24392957350233324
2016-03-03,0.6754548578106975,1.1638139737199584,0.1699624612111943
2016-03-04,0.4464841695933443,0.0071149379556065635,1.2680501543162297
2016-03-05,1.390478759073951,2.4821426142633882,1.1662764273197925
2016-03-06,0.29678451586256277,0.04384718559139278,0.028802128341342347
2016-03-07,2.832578534876973,0.9897037677291265,0.8103777392174336
2016-03-08,0.020679897113493495,0.005513451193839223,0.31826031276547273
2016-03-09,1.0907903660423202,4.663564338080216,0.2379624731353306
2016-03-10,1.5833491123661256,3.69405563098915,0.38177932185263885
2016-03-11,1.8783727366694731,0.3082924118165262,1.9081717564923533
2016-03-12,0.11726365367843528,0.1411627632639891,0.736447202778686
2016-03-13,0.33272269723108505,0.6547047826142384,0.0824515961129981
2016-03-14,3.5442054007543433,2.8039812930521935,0.0011899250896043293
2016-03-15,1.148420210549246,0.0025847556138440444,0.844937985205443
2016-03-16,1.3623370556004593,0.03224566226041738,0.4488536803472293
2016-03-17,0.12265492641301398,0.2891945260834546,0.07955468250734327
2016-03-18,1.8075506329752107,1.246000127290335,0.24909140843273872
2016-03-19,2.3698692657960715e-05,0.6016772505009005,2.720974547233977
2016-03-20,1.835286129749034,0.4077437836658437,0.10162119729213799
2016-03-21,0.10347270255418398,0.7948690704544542,0.27012572857464884
2016-03-22,3.395978890299762,1.8878708168088727,3.248150894020925
2016-03-23,0.021726529484713947,1.4752969460220582,0.13505091409988568
2016-03-24,3.2487995274160086,1.2486345790657432,0.20357313431642152
2016-03-25,0.036171959216554396,1.6118175603968896,0.48050845559460603
2016-03-26,2.4902309343918465,0.12356482736477745,0.4124725266354445
2016-03-27,0.2316717673994996,0.029622466075353612,0.0007474222071274129
2016-03-28,0.3782841060275613,0.6972278913179378,0.8292413253040695
2016-03-29,1.8499153183485044,0.08244126210021754,0.008142158918520747
2016-03-30,0.027504008233241783,3.5694452021760883,0.0033215325369491395
2016-03-31,0.13643494047689747,0.0006742372493505975,2.31118546316961
2016-04-01,0.011879046417364836,0.6480919510366793,1.3014079114775463
2016-04-02,0.2366671585138881,0.08161222387339338,1.1895582660868627
2016-04-03,0.2084433349982885,0.5599313971917536,0.5807100459244889
2016-04-04,7.30002344598046,1.7307826441325969,1.6914807380937853
2016-04-05,1.7676265278919747,3.4894991129480135,0.3637352976859043
2016-04-06,0.010170811136530608,0.5418188553987957,2.059017438770292
2016-04-07,0.24382657532802768,6.751062010208591,0.06137229560974244
2016-04-08,0.21883492276332642,0.01106668821456186,0.5006938394799513
2016-04-09,3.3851050962079636,0.04311571103356551,0.09319832550668537
2016-04-10,3.2983960195873476,0.7967412810929969,0.9451670084744297
2016-04-11,6.013986034266571,1.764457079901358,0.009291813617390189
2016-04-12,0.07929696476062946,0.7152015807761124,0.0007828380520183992
2016-04-13,2.488854459342496,3.3959687365699227,0.08555271466450518
2016-04-14,0.028452100047816255,0.2531113021976347,0.024067628956660213
2016-04-15,2.595909502628422,0.05497858864815334,0.049291020105467806
2016-04-16,0.13193364704334823,0.6178199822092842,0.596874355241234
2016-04-17,0.7541074149533216,0.3633289305112434,2.736222259257994
2016-04-18,0.9324106318506824,0.4184806060873301,1.2319939195686158
2016-04-19,0.5215917044367471,0.0038554231293599457,0.0014143066234588162
2016-04-20,1.6545819325154514,1.4010169364865976,0.30896457861501464
2016-04-21,3.411968240673869,0.4233109455201466,0.22923885966120197
2016-04-22,0.0242545030363046,0.0013858474404417939,2.4478451121604534
2016-04-23,2.306333779922941,0.9362229363755813,0.038910427900719184
2016-04-24,2.121501677364184,0.4146885620390792,0.0006106411455497516
2016-04-25,0.27244877513545523,0.19090862371984854,2.030982587695398
2016-04-26,0.5313989445411372,6.3027695888863855,0.17664881770166102
2016-04-27,1.104507610405736,0.0008242365198554947,0.2578767105024249
2016-04-28,0.3992205661400111,2.0777128971378036,0.27455823440189653
2016-04-29,6.02931697807588,0.44005845124547804,1.9380145455349547
2016-04-30,1.1677965682031832,0.6745659723339575,0.00283324665121082
2016-05-01,0.27236400677562106,1.6646901890492136,0.3146946350023138
2016-05-02,0.9795444958636502,0.0018474683743424057,2.3694783473801233
2016-05-03,0.4341450474121724,0.3004519292890711,0.991407488792197
2016-05-04,0.05936854330065711,1.4482808267807818,2.286309574120905
2016-05-05,0.09859012626020562,0.08824652400276761,2.9384134511066016
2016-05-06,1.485173618319153,0.8496565073041942,0.00026015199979550596
2016-05-07,0.12493953286614436,0.10128325956912171,1.6060260132993276
2016-05-08,0.5250754463812587,1.8296092825219135,0.3177647489991006
2016-05-09,0.42307123829099025,1.3725514543183728,0.2140728888194484
2016-05-10,0.7729553324588029,0.6848293723309757,0.12454426251806083
2016-05-11,1.6643964154394726,0.39839008850062807,3.4045608681519295
2016-05-12,0.351471793394175,0.5657817264402558,0.3131893321259674
2016-05-13,5.805125536679313,2.2991909039237317,1.090992204081437
2016-05-14,3.013366496979334,5.3984260181883155,0.9251796879999853
2016-05-15,1.6754242955518905,0.5441780866330245,0.16815047083887807
2016-05-16,0.026730318541617313,1.7905504144101443,0.9860172470435868
2016-05-17,0.4652344953649273,0.004285840629268363,1.003401238402516
2016-05-18,0.019662405513012817,1.1378689184199535,0.3649642539471691
2016-05-19,0.029926140404266607,0.23049437926224134,0.2414965115782136
2016-05-20,0.48308114327013724,0.32552407671899525,0.7150351759312199
2016-05-21,0.09541888888980801,3.5797052183653295,0.029201985857560432
2016-05-22,1.1946089531897641,5.408990004586347,0.05017013160841624
2016-05-23,0.3754111013641378,0.01165944368433747,0.21162117015544002
2016-05-24,0.16013585435979028,0.422067636820511,0.010245704216583829
2016-05-25,1.6958610717636802,0.8356496874179242,3.0300982475699345
2016-05-26,0.5916577051505536,2.2534211728169553,0.08677299291157656
2016-05-27,0.3041843528720727,0.6136699435082634,0.043777091130282005
2016-05-28,0.6302721054800586,1.1371694819517313,10.75071093174836
2016-05-29,0.17528020267291702,0.019975394461069926,3.057042239538092e-06
2016-05-30,0.39457761161920857,0.0038747091147650187,1.3554215816083381
2016-05-31,6.581479971841875,0.03318603936502494,2.2636658904969877
2016-06-01,1.3645187658004654,0.14768165105782158,0.8732992997158284
2016-06-02,0.710034229809562,1.0208928918358307,0.23276803783029845
2016-06-03,0.46217807871649597,0.2264316049739348,0.31743866786507025
2016-06-04,0.2956567385166935,2.2140319159739024,0.77617035672086
2016-06-05,0.43767426138436594,0.29992805831895186,0.40477048682633626
2016-06-06,0.19180100921451695,0.500580248594166,2.109971515849093
2016-06-07,2.142531289313881,0.04929663788257126,0.035733713389390465
2016-06-08,0.1152973292773578,0.12985430715840932,1.4909553627126575
2016-06-09,0.46339988596543263,0.09458762783371831,0.2268913920822301
2016-06-10,0.7846600198825877,3.0026184284544826,0.7581610628592848
2016-06-11,2.65033799288678,0.2255912629341872,0.025900067999199188
2016-06-12,0.14469224948656484,0.027890061397992806,1.590277512174301
2016-06-13,1.050581768490891,0.6867748192635537,0.008375420581522736
2016-06-14,0.17392029827516595,6.608502961472261,1.4701869212657062
2016-06-15,0.25312325441065875,0.051724007981629454,0.14399609203430205
2016-06-16,0.010967601531695015,1.4370906066411928,0.12806378073371708
2016-06-17,5.353939607077624,0.18564125779421045,0.00044458762478156034
2016-06-18,0.6880275624153243,0.2942451001785168,1.1585422461396853
2016-06-19,0.14582013522711906,0.06427218720338233,1.7917581063708037
2016-06-20,0.07721226952875207,0.04708069157173658,0.027214770091642557
2016-06-21,0.008439714123635244,0.00019775841337232292,0.24202242958386916
2016-06-22,0.051883294909724154,0.2435705780919924,4.469101379001851
2016-06-23,0.005666176251257713,0.8617270623731678,0.016154762910267063
2016-06-24,0.20406676120214465,0.11149904606171307,1.8926244766980596
2016-06-25,0.19559977628298353,0.8692042366201291,0.0001815593534055439
2016-06-26,0.025184638756548423,0.8053933499350762,0.08916459780749163
2016-06-27,0.13024091384213837,0.00011920487055624683,0.4073325695831998
2016-06-28,0.4830149967065495,0.8113904886261487,2.5188209291420423
2016-06-29,0.04002851723999392,0.055910418728013056,1.5138094584489261
2016-06-30,0.11489152596395659,5.0188192210082825,3.020722021477194
2016-07-01,3.6286252675124455,1.0871667878115823,0.21965811066175459
2016-07-02,1.7430393574541099,1.7575990128466144,2.418243151676799
2016-07-03,6.639352332060455e-07,0.24518621752645745,0.12701065347384272
2016-07-04,1.6718991494805289,0.045386339786411954,7.024990249158358e-05
2016-07-05,2.9207900622964904,2.591006980989091,0.005756143983722274
2016-07-06,0.04800630134180569,0.8638603120710918,3.8633253175614457
2016-07-07,2.3958269406217325,5.906554602112078,0.20175979520649476
2016-07-08,5.300454643326635,0.062334612741707596,2.020860390076906
2016-07-09,1.9421068978460891,0.1628001716156817,0.9263179508571769
2016-07-10,0.7911358092452563,0.7455065540069917,7.115379812010838
2016-07-11,1.0295294539985027,0.17167787161939507,0.23941849815582936
2016-07-12,0.5128418753482794,3.930550658026426,0.28476331759134477
2016-07-13,0.4185684747074316,0.19261491459943406,0.05461365895567802
2016-07-14,0.03547342717095606,0.43796179195994284,0.18390953817579228
2016-07-15,0.21428987317706577,5.826894060104817,0.5761420299180506
2016-07-16,1.6907771318029177,0.24256008879411284,0.004011054958031714
2016-07-17,0.8755475517355081,1.202539191758937,0.8101221144680277
2016-07-18,1.274071699835008,1.0857509866127641,0.540035611049902
2016-07-19,0.5181548409747184,0.05154929673368938,3.650108808640264
2016-07-20,0.02352666346119057,0.018857380183958005,0.03994311220389383
2016-07-21,0.19573540009369741,0.025610750707341787,0.04580363016086848
2016-07-22,0.4089645953347231,0.685992476138033,1.6598264726483176
2016-07-23,1.488063239112369,0.8561465975726429,0.09685759205665141
2016-07-24,0.24817486832515476,0.877602188507224,0.35446897233405605
2016-07-25,0.08626943502429742,0.017240800640817823,0.01676287212490323
2016-07-26,1.9676074325547075,6.13068408920231,0.08743821910429785
2016-07-27,0.4194446057550456,0.8356015761658756,0.697288038928444
2016-07-28,0.6321385331229564,0.03099942598564421,1.1875510821749085
2016-07-29,0.3662218900117246,0.7916287649392437,0.3054346703266699
2016-07-30,0.0040331157760690375,0.2244463976194061,0.09566535716536531
2016-07-31,0.48011942185100126,0.312673094291624,0.1661982671998656
2016-08-01,0.7019047495584101,4.343199854576145,0.6435002324310969
2016-08-02,0.8092628982790778,0.019727468305409487,0.023164211286524426
2016-08-03,2.7853889566428944,0.08164521439687585,0.02519412302966716
2016-08-04,0.3667117857474482,1.2604959885566942,1.9142441734086217
2016-08-05,1.9845798010516675,1.4954949927097296,0.36130397668573244
2016-08-06,3.54105552901739,1.0004455184758745,2.235788960288647
2016-08-07,0.0005791576870405904,0.018764507457881587,0.001129862601539773
2016-08-08,0.4173596223207076,0.24341481836791767,0.04509761710314343
2016-08-09,1.8808248833509873,0.4740214172407834,3.6617808014465485
2016-08-10,0.3260495116193952,0.6717002509424929,0.49446475067012646
2016-08-11,1.470237676735892,1.910735926698991,2.230128058043286
2016-08-12,0.008414674454048086,0.13762741164496672,1.0243503903132878
2016-08-13,0.3380990021523864,0.8927331221679767,0.8168791876201396
2016-08-14,0.005197973463733923,3.249519524128153,0.013077477513359857
2016-08-15,0.008735111719548314,0.8174267860211168,0.003831582578515091
2016-08-16,1.5111098214495233,0.9172976071544596,3.1527551206304767
2016-08-17,0.05639873841388267,0.06789793689303643,0.9274207720073111
2016-08-18,0.31881455204212855,0.303552908277328,1.5282321119890234
2016-08-19,0.00414065390780513,2.093021253636858,1.1861744604261109
2016-08-20,1.7351816367446893,0.4740060605463832,1.2918546441864656
2016-08-21,0.6039536397007552,0.12947188709520144,1.6156265952516353
2016-08-22,0.2761635508844812,0.2411164814545626,1.072246593902238
2016-08-23,0.023714839299053703,0.05533552313545035,0.7795166325935716
2016-08-24,0.5126500957064422,0.6465471821437189,0.5198685957450819
2016-08-25,0.004486568886848603,0.5219405715906695,5.056962697437409
2016-08-26,2.062354112373074,0.36238881560186015,0.46767393728765855
2016-08-27,0.012193018169447416,2.523887394218339,0.050638005795645924
2016-08-28,3.309344792045375,0.0001989591810121365,1.7056275234136389
2016-08-29,0.3358067966442536,2.996948190320825,0.4446150479555742
2016-08-30,0.021525906413568597,6.092211529002089,0.4583560469386192
2016-08-31,0.007481106912042638,1.7327504312147846,0.1688052168672299
2016-09-01,2.5343102209258372,0.002943577983173054,0.2666083768765429
2016-09-02,0.8072742660285612,0.04075971000439061,0.25605228759874704
2016-09-03,3.367079666400074,2.569945309949516,5.163311552009754
2016-09-04,0.21864064050613036,0.7023760082879457,0.057272361486811856
2016-09-05,0.7027103719652332,0.3936638671468,1.079152509496685
2016-09-06,0.3228061382179034,0.8844274329496161,0.6161795135263983
2016-09-07,0.2310360957353107,2.766069367066748,2.2145196978835875
2016-09-08,0.010140437764853035,0.533695399163605,0.07502635427349573
2016-09-09,0.10385280666188461,1.6924801401300285,0.2652340911803085
2016-09-10,1.0769261377842922,0.42340411381252946,0.03219673155087059
2016-09-11,3.461184402425777,0.6995599491754156,0.23174393854079173
2016-09-12,0.26850573445839815,0.35829226005722675,2.6429802174549315
2016-09-13,4.040779010618517,0.4032374773402975,0.9938585626517186
2016-09-14,0.783189299209905,0.710248559879397,3.53548844404426
2016-09-15,1.3496685151460972,0.07843677432284055,0.0027957181574608096
2016-09-16,0.048204893128571735,0.0060401620802816745,0.35993672161956053
2016-09-17,1.7610619864609447,0.40459853768005793,1.070756062839542
2016-09-18,0.08228397433438539,1.2312940050137826,2.0023173107999384
2016-09-19,0.008029836611847363,0.04960768564460975,0.10407530700876497
2016-09-20,1.1083811006707798,0.010665708661848496,0.9491500036613365
2016-09-21,0.5947785611328711,0.6180453738268805,0.4815398483154519
2016-09-22,0.5374087424921932,0.13789015930296253,3.1438581281661513
2016-09-23,0.0014599660493590809,0.5908004739334752,0.1876584475026304
2016-09-24,0.22236194135442675,0.57468679035544,3.9359253062326642
2016-09-25,2.1580814073980013,2.8392048335431923,0.6447771183464153
2016-09-26,0.9505682677706272,0.10940245262153733,2.2409198352858826
2016-09-27,1.3232104538473257,0.4311277353023928,0.399249364933671
2016-09-28,2.0133178163382976,0.13565215932225214,3.0647145272551928
2016-09-29,0.7416850515809463,5.114525697046118e-05,0.5209536670700649
2016-09-30,0.17864118953615823,0.10102156380829153,0.18037373863137723
2016-10-01,0.29639871720533834,0.15971319686115876,0.6177286906200465
2016-10-02,0.024722293994582478,0.9448774120588779,1.1726118954845883
2016-10-03,1.5368002228567652,0.372928863549493,0.3466500342077816
2016-10-04,0.005179975500020852,0.020155440377907383,0.0342798267958803
2016-10-05,0.27835665507219254,0.16268089427518653,2.0488755147855513
2016-10-06,1.6139163635826546,0.4411140920476292,0.7009436592235955
2016-10-07,0.0742356777583188,0.26110365613738495,0.1346584954650013
2016-10-08,0.0014292726398250197,3.1641177085891186,0.02829786852889286
2016-10-09,1.7440267704193166,1.5203707036480645,0.8769591314688344
2016-10-10,0.21656621114829708,0.2036657374451977,1.5630952351648304
2016-10-11,0.35044853593914504,0.0773215076092004,2.935466096254402
2016-10-12,0.0006481484922483395,2.8172332945619414,0.8215114027604447
2016-10-13,1.1252766519382738,4.388606861107396,0.13510554393587274
2016-10-14,0.26840446527449635,0.7512301349075884,2.6039995144130255
2016-10-15,0.16429147158891025,1.9065463729575012,6.356180538473233
2016-10-16,0.9497322921743601,0.6280361705152375,1.0376113328847583
2016-10-17,0.8902784358014978,0.3795223955176853,0.36133188246561454
2016-10-18,0.6006012857969553,0.9084598729517537,1.8541165587970856
2016-10-19,1.1481561063871382,3.5808391395195738,1.1399052377633485
2016-10-20,0.5877292381408281,0.0925918044313849,0.0021149366327043407
2016-10-21,0.1126153348468069,0.0627779694677998,0.8212434981558908
2016-10-22,0.18354659095654888,0.190400468675408,0.0164877655602361
2016-10-23,0.08300482235539167,0.028014154748382578,0.04655770203081057
2016-10-24,0.07943023756790449,3.511715998681563,2.3238722292144933
2016-10-25,0.2602003803900003,0.13977056935222998,0.08561245186512444
2016-10-26,0.7325735899060342,0.0008675474978534065,6.9726386894775585
2016-10-27,0.3425529167297927,2.409247758682268,0.008279181193466087
2016-10-28,0.7605999467016317,0.21126252389344363,0.002506890438733911
2016-10-29,0.02300523296931637,0.02315842175270862,1.6834412832308572
2016-10-30,0.04091198745803003,1.2343511420107127,0.004244438830133874
2016-10-31,3.4495225767662974,0.7927117457957688,2.288469784331217e-05
2016-11-01,0.0811442684584089,1.9573349841795593,1.2432513528634042
2016-11-02,0.22801386627760598,2.1534264843568396,0.39460313534259167
2016-11-03,0.21925183194177628,1.1647513688608193,0.17725592746468424
2016-11-04,4.948277560596692,0.061870817348513206,3.1532897971403027
2016-11-05,4.512368805684983,1.282473219107289,0.30967251481190256
2016-11-06,3.3915033252716573,2.799219707948769,0.08359322896555735
2016-11-07,0.6960236102752316,1.2889952059870176,3.0207170773221037
2016-11-08,1.0869620682751024,0.18793856704777784,0.6175351035762195
2016-11-09,1.3843065528674685,0.8975973681196215,0.07601769898108275
2016-11-10,0.6946745219202699,1.126047522496109,0.016621413207527136
2016-11-11,1.8959250214147458,0.33500126509045536,0.038353388906849493
2016-11-12,6.009341016836576,0.2074725629761935,0.24585729617309068
2016-11-13,0.2554340068131068,0.5997382760564686,0.02420745863000702
2016-11-14,3.8976199097971476,0.06356469467267162,0.4965672264852637
2016-11-15,0.3212886009519369,2.582466891004833,0.04044722302540186
2016-11-16,0.3728943819545842,0.002824631374459671,1.6518479663035803
2016-11-17,2.8095338248613673,1.5411441496331808,0.17135689410606364
2016-11-18,1.675430474814089,2.16940486521149,0.5168929265917217
2016-11-19,0.0002462471412489392,3.245940951585055,0.30634694507115684
2016-11-20,1.2551676665227454,1.6990809085355962,0.012865910132135248
2016-11-21,0.05308863006116375,0.5149513940960594,5.907337333810362
2016-11-22,0.00017224160974669823,0.19945035995904847,5.586454796664503
2016-11-23,0.006979525684628617,2.0546398469199048,0.057885475324027325
2016-11-24,1.2625373147609045,1.3750787729604506,1.1155386730148427
2016-11-25,1.3409353012407965,0.1771640596131517,4.457519918765044
2016-11-26,0.5573458757108063,0.11706660642983324,0.6554460208861165
2016-11-27,0.08835728677773329,0.029502551029681856,1.590182747264381
2016-11-28,0.5953516381790934,1.7415117970429432,1.1607659011134543
2016-11-29,1.028910620282206,0.2378323025670731,0.8202745613939665
2016-11-30,1.152104734852072,0.22248016816136065,1.8291242881341043
2016-12-01,1.4591868857433898,2.910535815976175,2.4756900148657435
2016-12-02,0.039469362875222624,2.913368243165558,1.4338593949471172
2016-12-03,1.3844253350226183,0.1950290547313312,0.6295538880716206
2016-12-04,0.48350249635347997,0.03679533648237266,0.010119612875065543
2016-12-05,0.005630250605707628,0.39787835616204686,0.18595034750430522
2016-12-06,0.5528710257744864,0.03905055333179291,0.6706739414913875
2016-12-07,0.398051357617404,0.0562100216384674,0.007760711412110954
2016-12-08,0.41659035547197854,0.1437545260534878,0.03230923927338753
2016-12-09,0.07963167997622651,1.150661824659795,1.5014628655682876
2016-12-10,0.394616973807889,1.160656198276739,0.5418250997620652
2016-12-11,0.06550704076037141,0.22892113538857697,0.05635208313190408
2016-12-12,0.0001049157860862506,0.9344664842535455,0.4958064076973753
2016-12-13,1.5009500296118186,0.15212379886912586,1.3590809298017292
2016-12-14,0.038655263730274336,2.094969735963921,0.7822942347169393
2016-12-15,0.31265035351718207,0.8913420235958314,1.8808721039148655
2016-12-16,0.363245377238986,2.35629612519984,1.968340240952869
2016-12-17,0.04101106195291164,0.6453972157749477,1.5193824724383067
2016-12-18,0.003524053685950013,0.13739016906377993,3.7057130218661865
2016-12-19,2.3186402232556973,0.4122056486080754,0.14767461423380146
2016-12-20,0.3188887482008697,0.8466579353057896,1.1567710150828454
2016-12-21,1.5749970544730572,0.0686859173375581,0.10990912628949075
2016-12-22,2.55056098801381,0.03770355014499283,0.3982134319965785
2016-12-23,0.1863335173210711,0.10320890530630702,0.13769612876441867
2016-12-24,0.12804618524275213,0.05067628526499893,0.2318724182394073
2016-12-25,0.9606958963445646,0.6553479815151125,0.00036893731279900784
2016-12-26,0.9801526315572371,0.042562423359582165,0.8906087817351807
2016-12-27,0.20018009506999423,0.001201851951779355,0.4168249395425574
2016-12-28,0.45934431046004454,2.9962952594735306,0.18756473351787897
2016-12-29,1.5750974215401914,0.25670597364499403,0.001873552912401113
2016-12-30,0.4924534608962291,0.7109005042199832,0.004997628130785037
2016-12-31,0.6935393082930698,3.0715890104249226,1.9563427330284844
2017-01-01,0.252378912359417,13.777867275688626,2.0739224113556163
2017-01-02,1.7057446015801396,0.37339194342529364,2.15771038306498
2017-01-03,0.5118499618590853,0.23112853824194965,0.5907113180004028
2017-01-04,3.5734354665234616,0.007682412485228177,0.28194145264532905
2017-01-05,2.308683215759625,0.7214519500113431,0.17544284746270644
2017-01-06,0.22960010058505453,0.06151818924717247,2.8864456006263963
2017-01-07,0.0003298820603032878,1.1472425144289593,0.13172040390931622
2017-01-08,0.0035600921780370946,0.8186912885509983,1.7335324683284885
2017-01-09,0.002253564720770966,0.13266526202290474,0.4675983672944185
2017-01-10,0.09568089169119824,0.19677418269137223,1.898621375194053
2017-01-11,0.12252260383221579,3.660230830457294,0.36660934154495234
2017-01-12,0.24490192551744794,0.027180330342968632,2.9415238556239767
2017-01-13,0.3173317447107554,0.2068302111175146,0.0030838977596418836
2017-01-14,0.4889866949307296,3.055630660768466,0.07093555196646519
2017-01-15,0.007529932836174054,0.7496054444505975,2.318747105944172e-05
2017-01-16,0.03396998145433436,0.07506119889376198,0.07461694437557238
2017-01-17,0.14767231289986674,2.257088755673181,0.5916129625466979
2017-01-18,3.6711019430911533,0.08738550923847464,8.1437481410063
2017-01-19,0.12028653342510558,3.4472866211586557,0.5201553214918386
2017-01-20,0.003974577931399684,0.3701048183797929,0.0006590979697433971
2017-01-21,0.9114382884401291,0.2694120742294304,0.1213787433181354
2017-01-22,0.0756854449490187,0.38508556147003054,0.313003035586597
2017-01-23,0.6949829214387758,0.14297229098369155,0.21361270612883373
2017-01-24,0.8968338945844233,0.0015280466477899225,0.33406182120834343
2017-01-25,0.35370956620504457,5.215554320594049,0.1821872354271211
2017-01-26,0.1073664866751897,1.2486852589624917,0.017850764480559674
2017-01-27,0.20584542890605928,3.2038481469530495,1.0846174512233913
2017-01-28,1.5960371360231849,0.268190226586263,0.21536939724622975
2017-01-29,0.470910328690706,0.2636319265899404,1.2000548792782082
2017-01-30,0.06942387029195966,0.0043083672180639935,0.811929414344362
2017-01-31,1.2451464288335323,0.10524902985078341,1.8656542869289832
2017-02-01,2.8048833357981344,0.007223203574053902,4.626623525523742
2017-02-02,2.9720383418127456,2.2236412143463222,0.195197204512484
2017-02-03,0.22493301374977673,0.646166404281458,0.13576603544309493
2017-02-04,0.33429213793578194,0.18416652926043647,0.7862262054559086
2017-02-05,3.556879447034526,1.4739491491212056,2.1244621564324273
2017-02-06,0.9743801405187154,0.05884069192205446,0.780694102544001
2017-02-07,0.2132486966823665,0.0067181995234853915,1.359452282533473
2017-02-08,5.556751926681001,0.8153706358866853,1.130093430820947
2017-02-09,5.444315882487207,3.093640272277106,2.9257154503174507
2017-02-10,5.788453190851314,0.24797435101342946,0.14233887106514106
2017-02-11,1.8805059677289744,1.8692539357318445,0.14571166108337047
2017-02-12,0.014373662430979244,0.9983755647639662,0.07646571593686047
2017-02-13,0.47554669781604597,0.19090375569719642,0.003813750076124045
2017-02-14,2.283601681022727,0.07069858846723054,0.5839729623664136
2017-02-15,0.4829065421356309,0.00020152890340379112,0.1770074469549942
2017-02-16,0.02884492273806305,0.5916680020844985,1.2361330437840057e-05
2017-02-17,0.021822798843208355,0.5359517831263683,2.2985434839790733
2017-02-18,1.57065623507041,0.13370817102863838,0.6992461783317354
2017-02-19,0.5674586013012171,1.0912933336670119,0.06768884103235176
2017-02-20,0.47136924992031654,2.407107984918743,0.033254380414986504
2017-02-21,0.12977979639354778,0.536049860397375,1.2536411837569315
2017-02-22,1.8869639467464452,0.2570944489009981,0.20259292560545678
2017-02-23,2.6558251902645273,0.7112169115221046,0.008227349494082423
2017-02-24,0.1888757990135878,0.003938304718447083,0.7702035128772821
2017-02-25,0.01530654557390887,3.4712722679443058,2.2820106027637763
2017-02-26,0.2955789099175201,5.160987939029545,0.5699615833026167
2017-02-27,0.030082327415916262,0.7552885372986052,0.32214042885691485
2017-02-28,3.77694989506692,0.2067773429150804,0.05831124966213602
2017-03-01,2.101956301486386,0.8591009926038027,0.01798725064888696
2017-03-02,0.3010416106899559,0.37201378668294177,3.3770763233956704
2017-03-03,0.05379037208505402,0.1286264140240922,2.245917932333052
2017-03-04,0.24615152215667863,0.016105759926546035,5.408153578308076
2017-03-05,2.4084506898757816,0.6703432526194444,0.23403267373004122
2017-03-06,0.032988449937320356,0.9490653505941875,2.4733284645844043
2017-03-07,0.0008443071140948646,0.19181939936123946,0.016198358204133203
2017-03-08,0.058999173768370015,2.8482364929000425,0.15392640631919818
2017-03-09,0.29823435184148644,0.007104613407886412,1.9168922325338507
2017-03-10,3.38556355224267,5.291467473949022e-05,4.652050579514682e-05
2017-03-11,0.524299682824066,0.3004038689578599,2.301303479248404
2017-03-12,3.483403397443155,0.6039901887679258,0.15200100140886635
2017-03-13,0.022259384183821607,0.11851269447011466,1.6280930165854732
2017-03-14,0.05520393714717722,0.5551556432306808,1.3505360355102258
2017-03-15,1.8016103838064668,0.028702251506887138,1.5289100803657236
2017-03-16,0.0963609270729799,2.7872834145049064,1.4654841573869997
2017-03-17,0.7605498699201042,1.8652057724886777,0.030794189579702404
2017-03-18,0.037997233034596706,0.12537322903359363,0.0001455324471878699
2017-03-19,0.3842193424141025,0.9287594064000744,0.10908554748954877
2017-03-20,0.2978022598859528,0.5655402749290517,0.02991161381596311
2017-03-21,0.13837036992172155,2.3748031391513384,0.401179974995336
2017-03-22,0.4914820231724262,0.36613998182016017,0.01690395029365791
2017-03-23,0.9273087387610491,0.34450660239586206,0.0336015783989295
2017-03-24,0.11723955387605187,0.00797040458448555,0.9466267755264194
2017-03-25,0.12139818499273967,0.8211594148845875,0.7906792167219728
2017-03-26,0.1686835895693921,0.43844073313664383,0.18466981793899287
2017-03-27,0.0016717859310701037,0.0044194061473199694,0.20898903896738055
2017-03-28,1.947766573279143,0.025075324064776586,0.9497898221781761
2017-03-29,0.05479415367966067,3.1046063828187687,0.0012339156105421977
2017-03-30,0.024325242591972114,1.642474155721768,0.03890711844490023
2017-03-31,0.0006181464403403467,0.011722855725212783,2.1213429237619414
2017-04-01,1.2513218414505682,0.0008719435426045315,0.9261719533317524
2017-04-02,0.12273227721694584,0.03197195099882022,1.449905208368812
2017-04-03,0.005230264256671976,1.4341649841330775,0.0048601659309922066
2017-04-04,1.80506006356295,0.3751655527181456,5.399797064389699
2017-04-05,2.607314406989422,0.11641404299702415,0.05270462901042333
2017-04-06,2.467917279632245,4.4038289428003505,0.09034228105457205
2017-04-07,0.332442287325697,0.7943692572148509,0.9067683047929376
2017-04-08,0.06129280441975634,0.4705789187281217,0.019145076076518337
2017-04-09,2.6041185097731523,1.016282381780618,0.0008991550304346494
2017-04-10,0.3168736647332681,0.013451771108141577,1.4177289144007519
2017-04-11,0.127226219475975,0.048991931125744875,5.2753055256516095e-06
2017-04-12,2.1059516864650445,0.046213204474729985,0.06602224830586091
2017-04-13,1.3912526671666001,0.2674629669853886,0.050549338284295704
2017-04-14,0.019201821099387454,0.6511122787740814,1.2353088854319174
2017-04-15,0.08160770757921373,1.4967663044815878,0.3968095106207435
2017-04-16,0.06685205520639638,0.024562104701682963,0.1308932193493661
2017-04-17,0.07213206929812813,1.3870394218634319,0.07635901248530938
2017-04-18,0.6661290849781528,0.20912432139087309,0.3513377274018041
2017-04-19,0.18219622949928224,0.5042214304763376,1.1150564747852727
2017-04-20,0.03737025825202838,0.16242380635039091,0.006607324254596381
2017-04-21,0.620678592804059,3.790407708811363,0.010122707817599018
2017-04-22,2.1240557193527825,1.2408123584680888,1.2957633084139133
2017-04-23,1.3411219861756376,0.1237604075137336,0.041077374118336084
2017-04-24,0.2161514980206064,0.010330279018714441,2.0717558034756776
2017-04-25,0.9957258170335169,0.6866993079719615,0.1448891120839551
2017-04-26,0.002355216290260942,0.1655004757815549,0.5092330945659475
2017-04-27,0.03366239616300771,0.06984094837069953,1.4544418264295993
2017-04-28,0.7934941957172551,1.2389319953211293,2.9194308597043306
2017-04-29,0.38047564809897333,0.6217644135202773,0.13360148943726297
2017-04-30,0.25406030228078674,0.12795708549129292,0.7631302742215854
2017-05-01,0.7477450299308012,3.705008812360587,0.09187014356677703
2017-05-02,0.5321204638055379,0.07861953444385662,0.24789195772112047
2017-05-03,0.030428690391493225,2.111649020474894,0.15083868461793
2017-05-04,0.46626439967787453,0.007081687059903016,1.5600123058682858
2017-05-05,0.022518398099758412,0.16616504491837916,0.1948540190709027
2017-05-06,0.25190638857756437,0.29889284371913083,0.3393399558060819
2017-05-07,0.017110529598869762,0.000613703798361751,3.056541414809599
2017-05-08,0.22695513884394092,0.028753749561639345,0.028558380382835095
2017-05-09,0.032520687208154965,1.247389405438392,0.6166021778996605
2017-05-10,4.011534034411925,10.46526903692143,0.17339781274619884
2017-05-11,2.2277991862413273,0.0597172287513359,0.1322350768283129
2017-05-12,1.0233368650487198,0.012633157960260794,2.134377011253884
2017-05-13,1.1814016295178829,4.732007068884164,0.1761105691919932
2017-05-14,3.0711097803773124,0.3277447068576931,0.08014540708238539
2017-05-15,2.8558288501017883,0.013220180057060745,0.5663611986253718
2017-05-16,0.10135109159379023,3.140310310623331,0.014959893481814144
2017-05-17,0.5237841258115351,0.910692536368199,3.2622719062118546
2017-05-18,0.19630152264667491,0.5635007525895129,0.05537987030448072
2017-05-19,0.0010970258840793756,0.1583382440562913,1.3670215954776406
2017-05-20,0.004072430534735311,0.0919738125250139,0.07943244525717218
2017-05-21,1.6205848679780632,1.211645886381659,0.9107664541683096
2017-05-22,0.015199738547748882,0.0010953796218545766,0.010525654131630908
2017-05-23,0.5269032909639441,0.9035543407092942,1.1710455261482766
2017-05-24,5.1681672540874235,0.14159965155460985,2.551121424237135
2017-05-25,1.5956002831132348,0.06694526209635894,0.6081825741383314
2017-05-26,0.10427943018323077,0.0051349432250204574,0.68083553010673
2017-05-27,0.009468172932034818,0.22821146267613582,0.25745640658415675
2017-05-28,1.825228505190091,0.01473984032203374,0.010795496590801475
2017-05-29,0.30427610475623207,0.6584040198144336,4.072864054199929
2017-05-30,0.0030820508173706363,0.01670604961083786,0.02465132568565401
2017-05-31,0.039469113508313884,0.2174387196211261,0.6398818972809511
2017-06-01,0.6421487219822961,0.4578108916741184,1.2192057137299877
2017-06-02,0.1878962008017561,0.04705654221223309,0.07948939495458406
2017-06-03,1.1809691253420653,0.16481862007806747,0.019447300554588782
2017-06-04,4.372676987763739,4.317410147797148,0.7708829290184944
2017-06-05,1.9028411115292023,0.09264760505287087,0.7779293811470096
2017-06-06,0.05722418807898227,0.024380445946264876,0.4205584067864622
2017-06-07,0.2645008715619202,0.18625991994817054,2.204371910628127
2017-06-08,6.593711782818256,1.2013116008458775,3.142969976856089
2017-06-09,0.9617199034026181,0.03229540091219833,3.002757305185572
2017-06-10,0.30468001725181665,0.11164309968996947,1.05962277650112
2017-06-11,1.0800751546077074,0.053392184816772395,1.0823181981579428
2017-06-12,3.1920299760291035,0.36704194450346006,0.011686010901836557
2017-06-13,0.001450218934933209,0.04019557621854533,0.04739891108547751
2017-06-14,1.853633720720478,1.1342844548256032,5.039706286993168
2017-06-15,0.6165746449158689,0.0005125898712368658,0.027670437020904062
2017-06-16,0.036455983274977635,1.6177976719142058,0.3602945059803719
2017-06-17,0.034754248427446434,8.072503299165485,0.11446094259646168
2017-06-18,0.8865510234512968,2.192537493643619,0.26023858775761516
2017-06-19,0.6356383100006225,3.118951507424183,0.23599054112235532
2017-06-20,4.133814180067933,2.3454996373145502,1.416786126779605
2017-06-21,1.3554739987372098,3.7866812077429,0.4806873242094564
2017-06-22,0.619542405372115,1.227896214996983,0.19663336493563677
2017-06-23,0.0036920501599492115,0.28548013683943774,5.548868940299988
2017-06-24,0.0031122792250953607,2.5958512724947624,0.5526229051883383
2017-06-25,4.630395245769189,2.029244317155419,0.007879347148523494
2017-06-26,0.7564992880142729,1.3742283786761205,6.801874117135405e-05
2017-06-27,0.2261460187660145,1.5141636583656841,0.12835692393253503
2017-06-28,1.225475488726482,0.22572067906542834,0.0005382659281444582
2017-06-29,1.0011496274468432,3.256473544334894,1.5303429978689937
2017-06-30,0.16169907968946928,0.12361630719146917,0.02398485922741941
2017-07-01,0.10446285556362996,0.6115564137869197,0.5372410377798457
2017-07-02,0.011874833407267957,0.4197030646568996,0.027413473737337993
2017-07-03,0.9937506546173953,1.3028417133121017,1.91201210330486e-09
2017-07-04,0.6338348509139439,1.6470075716455863,0.16034758985301364
2017-07-05,0.00021830764999780173,0.4438854376774431,5.2727269620061685
2017-07-06,0.6427210315569217,0.06717656351430372,0.04098046165716777
2017-07-07,0.3766758974393384,1.2141415353842018,0.037434634756921964
2017-07-08,1.9504531994860532,0.47525631980053795,0.4485046677655481
2017-07-09,3.5247657828576067,0.6409852960961034,0.07579401355043235
2017-07-10,0.3487582543359073,0.06280078433668385,3.785149752696899
2017-07-11,1.5210802833616304,0.5352027999068415,0.6748880430763202
2017-07-12,1.075526368700676,0.8270955350593733,0.056020478967057814
2017-07-13,0.8588528061046375,0.03960560477960356,0.2812266211809952
2017-07-14,2.500300301258389,1.1735124727670212,0.17290458951552312
2017-07-15,0.4662554543942404,0.32234731239883735,1.8106126804945208
2017-07-16,0.9698476462311727,3.2639541191563817,0.0026758641612695216
2017-07-17,1.5291718486747197,2.1733628181958546,0.7665646708677737
2017-07-18,5.539873820713513,0.030354721650371123,0.7184034591168528
2017-07-19,0.017430803532993533,3.11939849532621,0.009894114457196202
2017-07-20,0.34479621391476023,0.4433502785207852,2.8998314101283245
2017-07-21,0.015543493202679289,0.009119570144727555,1.2651653874285456
2017-07-22,0.8319762001191896,0.24586355432248852,0.1617356623944516
2017-07-23,1.4291616690583278,1.3100481763655911,0.009151197748129237
2017-07-24,0.3680364029708834,0.04033637863183092,0.0907280139029624
2017-07-25,1.238157760517634,8.224504235539273,0.3053025432630744
2017-07-26,3.464829727934544,0.21788551477477025,0.007396278943625298
2017-07-27,3.0891010341500817,4.591320619069666e-05,1.2676326476147812
2017-07-28,0.5872102971029697,0.15612562722892762,3.0921002027078086
2017-07-29,0.80323230669339,0.9069969363113712,3.1120233580271517
2017-07-30,0.059545414434630656,0.8245649305507242,0.2202747264333331
2017-07-31,0.02109437338861302,0.07136671423305115,0.03163775678340913
2017-08-01,0.9909138532758051,0.04272261550175927,0.06665753997742344
2017-08-02,0.4588860624350136,1.7602240037808234,0.2944038668666841
2017-08-03,0.0956920272217811,1.2328521330499578,0.3422362095807571
2017-08-04,3.4436020798960927,1.4546624416800433,0.12592572935787216
2017-08-05,0.010705980157968835,4.9188747890784965,0.07612213381874337
2017-08-06,1.5907758474713176,1.1048249927124034,2.448151131460861
2017-08-07,0.13683834877133214,3.194665659213474,1.0135412795955143
2017-08-08,0.011151654385133774,1.6379309161205708,1.9839764047775754
2017-08-09,0.10015440904889818,0.13328753317614242,2.650882482772392
2017-08-10,0.009518367082896495,1.9473726439731498,0.0009059110413249239
2017-08-11,0.7456550939530379,1.2116641205356984,0.19398705371851863
2017-08-12,0.011470852352767933,0.04581388896391204,1.7205693759318617
2017-08-13,0.5486454120062008,0.5777445227539346,1.463144613662946
2017-08-14,0.5393169547470132,0.11044294225808955,0.06677423036903622
2017-08-15,0.0327411966269413,0.26194476998965155,4.214115831292937
2017-08-16,0.009632726986412805,0.2267068954379608,0.08691657085417628
2017-08-17,1.4548635714849516,1.560150970054534,0.26375543623077335
2017-08-18,0.03443118167875597,0.2399525810147545,5.197428924319155
2017-08-19,4.915820748479993,0.1281736340814714,0.6076457698237688
2017-08-20,0.717338481600892,1.2303430557708708,0.017616678623374876
2017-08-21,2.778536541934187,0.658624768336065,1.07732076038435
2017-08-22,2.363505708990224,3.2698336069685174,0.2601387004366069
2017-08-23,1.8651627834618454,2.3784803201059566,0.5921774386154384
2017-08-24,1.3357961186778713,0.10211837102929451,3.040901482084442
2017-08-25,0.030519847307411252,7.016589545101469e-05,0.30223971178989073
2017-08-26,0.6208273904673128,0.5312612998994579,0.19492594386466416
2017-08-27,0.006966453668730739,2.052085937419788,0.6157889948312885
2017-08-28,0.9801152819130133,0.009537487455681597,0.019501952788028097
2017-08-29,0.8509642877987399,1.291357417923492,0.0008503278691132682
2017-08-30,1.956201652930221,0.6806236014263309,0.283538981769317
2017-08-31,0.010701427049246148,0.011403794118963884,2.3452239539810336
2017-09-01,0.006502233882132836,0.3944003431657487,1.855631948641879e-05
2017-09-02,1.079678762540031,1.3860076595593467,0.16550766616617327
2017-09-03,0.13966447227882967,0.38940896833079564,0.0062684950261193495
2017-09-04,0.022843696172522965,0.11287699725229987,1.0915247443087868
2017-09-05,0.8038902978465056,0.341686259301896,0.14213659660089095
2017-09-06,0.19170686643784796,0.7142322240149923,2.5242724652199753
2017-09-07,0.23036617489431666,0.28591854890314194,1.680440226652653
2017-09-08,1.020689639697527,0.7519387189352156,0.05669634287954811
2017-09-09,0.20348679057819988,1.691449271539004,0.097823060457544
2017-09-10,0.937797966130377,1.6199641013751764,1.6910548417233513
2017-09-11,1.1096660708981392,0.019538375366417886,1.1611908667832305
2017-09-12,0.0005710790682619693,0.7559432434015879,3.705672861473613
2017-09-13,1.878351065983951,0.17454764852588364,0.13079067431671312
2017-09-14,0.3365977960931203,0.5806669373031018,0.4032551708891401
2017-09-15,0.14806287328438789,1.106116527905923,0.0029848357251533787
2017-09-16,2.2790639570721996,0.6018840012274762,0.18338189264734125
2017-09-17,0.010214984612437555,0.004543383086477989,1.0950446958525613
2017-09-18,0.851840895283145,0.5910478708385741,0.2905760486549214
2017-09-19,1.2940247253287593,0.05462150942174245,0.139704410041266
2017-09-20,2.8929789327500437,0.30415584724646366,1.4576567335129735
2017-09-21,1.1294834300329737,0.0990544195164386,0.7092613260799776
2017-09-22,1.2459178301334315,0.28206148727489666,2.1035044259111264
2017-09-23,0.5269821796021085,3.2863394983470493,0.18969888801191445
2017-09-24,1.2932907985953523,0.006668133629424914,0.04354246207384657
2017-09-25,0.26654857655209563,0.4865589413635084,0.11227505678257643
2017-09-26,0.17019005759782516,3.060640710962262,2.348615950793072
2017-09-27,0.21221874114545558,0.19345877756706797,0.044186186182243514
2017-09-28,0.8112020248915269,0.007034229638103253,2.649476335630791
2017-09-29,0.39534783363967013,3.188976494254935,0.5249877201687445
2017-09-30,0.36786986615887285,2.552912817534334,0.5176525439811787
2017-10-01,1.1806364954288795,0.2462641608604611,2.063385067659689
2017-10-02,0.7135288631186751,1.541000399136569,1.6563016166427067
2017-10-03,0.7909323163188527,0.12605960272450775,0.05583224629030673
2017-10-04,0.0200038330919474,0.07562788706276297,0.40382605144333905
2017-10-05,0.010335266297021015,1.4193022046460406,0.30845518088109813
2017-10-06,0.1688238997797699,0.00706923519316288,1.3739405354288505
2017-10-07,1.70193625796806,2.623013847864002,0.8307222230982697
2017-10-08,0.1088152028566663,1.0788464126503778,3.8028491664545023
2017-10-09,1.8531031940689373,0.39843715336616775,0.507444273055963
2017-10-10,0.12861283170792392,0.1251884303694304,0.0411467720629889
2017-10-11,0.5317637699207336,0.07380609283183383,1.902443102891703
2017-10-12,1.2512289602486388,0.20635513692092972,0.4924383959457792
2017-10-13,7.357221880448777,3.624952595622836,2.3546260479083463
2017-10-14,3.5285666679828713,7.18281167541313,3.762901655665705
2017-10-15,0.0978288238678127,3.3606281662375572,1.3739339323742925
2017-10-16,6.847158965750815,0.08657216902702433,1.3612503469246378
2017-10-17,1.0842874408982195,1.881071192893152,3.029055963076642
2017-10-18,0.08854645237028753,0.5261520393644603,0.3869781775474782
2017-10-19,0.6457491685256967,1.6162911382025602,0.9788206040125966
2017-10-20,1.783061757495978,0.02211134418930588,0.26764976919630473
2017-10-21,2.395634790350441,0.7829925992017689,0.3523821214105991
2017-10-22,1.7802716449557654,0.9100904950662985,0.11915046973820906
2017-10-23,0.20791637738608237,1.060007403407902,0.6081457096942917
2017-10-24,0.34189450026415724,1.3223332386085591,0.21865305021806347
2017-10-25,1.0450153360188266,0.09669868592950429,0.0028991944296825377
